ID,SalePrice,Location
100272.000000,180000,130
100273.000000,145000,100
100279.000000,145000,110
100280.000000,170000,100
100282.000000,137000,100
100283.000000,259000,100
100284.000000,280000,110
100285.000000,264000,130
100288.000000,170000,100
100292.000000,95000,101
100293.000000,575000,120
100294.000000,349900,130
100295.000000,98000,100
100303.000000,153000,100
100306.000000,355000,100
100310.000000,525000,100
100311.000000,355000,100
100319.000000,525000,100
100320.000000,245000,130
100321.000000,235000,100
100322.000000,950000,110
100323.000000,210000,120
100324.000000,222500,101
100325.000000,215000,120
100326.000000,240000,120
100329.000000,150000,100
100330.000000,240000,120
100334.000000,310000,100
100337.000000,185000,101
100338.000000,103000,101
100342.000000,650000,101
100343.000000,349000,100
100344.000000,170000,120
100345.000000,159900,100
100346.000000,165000,100
100347.000000,235000,100
100348.000000,254500,130
100350.000000,420000,111
100352.000000,125000,130
100353.000000,190000,100
100354.000000,155000,130
100360.000000,235000,100
100361.000000,500000,130
100363.000000,284500,120
100365.000000,164000,101
100367.000000,875000,100
100368.000000,125000,100
100369.000000,325000,100
100373.000000,275000,100
100374.000000,117000,100
100375.000000,125000,101
100376.000000,150000,100
100377.000000,290000,110
100378.000000,149900,101
100379.000000,273500,120
100381.000000,309534,110
100382.000000,145000,130
100383.000000,156000,100
100384.000000,600000,100
100385.000000,260000,110
100386.000000,150000,100
100388.000000,260000,120
100389.000000,193000,101
100390.000000,537500,100
100394.000000,176000,100
100396.000000,300000,100
100398.000000,185000,100
100399.000000,275000,100
100402.000000,1290000,110
100403.000000,161000,100
100405.000000,499250,100
100407.000000,410000,101
100409.000000,350000,110
100411.000000,200000,130
100412.000000,570000,100
100414.000000,153000,100
100415.000000,173900,100
100416.000000,222000,100
100417.000000,210000,100
100418.000000,135000,130
100419.000000,165000,111
100421.000000,110000,100
100422.000000,290000,100
100423.000000,200000,100
100424.000000,400000,110
100425.000000,229500,100
100430.000000,255000,100
100432.000000,162000,101
100436.000000,260000,130
100439.000000,348500,100
100440.000000,1060000,101
100442.000000,200000,130
100443.000000,258000,100
100444.000000,220000,100
100445.000000,565000,120
100448.000000,197307,100
100449.000000,160000,120
100450.000000,180000,100
100451.000000,300000,110
100452.000000,315000,100
100453.000000,325000,100
100454.000000,220000,100
100456.000000,145000,130
100458.000000,475000,110
100465.000000,299000,101
100468.000000,132000,100
100470.000000,149000,100
100472.000000,340000,100
100473.000000,443000,100
100476.000000,150876,100
100477.000000,192500,100
100485.000000,185000,100
100486.000000,235000,130
100487.000000,190000,130
100488.000000,355000,100
100489.000000,265000,100
100490.000000,185000,111
100491.000000,300000,100
100492.000000,230000,100
100493.000000,106300,130
100494.000000,245000,130
100495.000000,150000,100
100496.000000,258000,100
100497.000000,285000,100
100499.000000,330000,100
100500.000000,535000,100
100503.000000,285000,100
100505.000000,146000,130
100506.000000,395000,110
100507.000000,650000,110
100510.000000,350000,100
100511.000000,144000,100
100512.000000,195000,100
100516.000000,195000,100
100519.000000,182500,130
100521.000000,287500,100
100522.000000,500000,110
100523.000000,360000,110
100524.000000,121000,100
100526.000000,147000,100
100527.000000,190500,100
100529.000000,150000,110
100530.000000,75000,100
100531.000000,190000,100
100532.000000,190000,100
100533.000000,250000,110
100534.000000,165000,100
100535.000000,210000,100
100536.000000,270000,100
100537.000000,140000,110
100539.000000,104000,130
100548.000000,170000,100
100549.000000,192000,100
100551.000000,125000,100
100558.000000,131500,100
100561.000000,245000,100
100562.000000,185000,100
100563.000000,265000,100
100565.000000,281915,100
100566.000000,265000,100
100567.000000,281915,100
100568.000000,565000,100
100569.000000,385000,120
100570.000000,440000,110
100571.000000,675000,130
100578.000000,209000,101
100579.000000,110000,110
100580.000000,220000,130
100581.000000,350000,100
100585.000000,235000,100
100586.000000,582000,120
100587.000000,175000,130
100588.000000,550000,100
100589.000000,650000,391
100590.000000,400000,100
100591.000000,157500,131
100592.000000,231000,130
100593.000000,250000,120
100594.000000,345000,110
100595.000000,365000,110
100596.000000,345000,110
100597.000000,365000,110
100598.000000,250000,130
100599.000000,195000,100
100600.000000,1000000,110
100601.000000,905000,110
100602.000000,175000,110
100603.000000,140000,100
100604.000000,180000,100
100605.000000,180000,101
100614.000000,180000,100
100615.000000,170000,120
100618.000000,215000,100
100620.000000,275000,111
100621.000000,350000,120
100622.000000,330000,100
100623.000000,447000,100
100624.000000,190000,100
100625.000000,199000,100
100626.000000,185000,130
100627.000000,270000,130
100628.000000,199000,100
100629.000000,250000,120
100630.000000,335000,100
100633.000000,215000,100
100635.000000,235000,120
100640.000000,260000,100
100641.000000,200000,130
100642.000000,285000,100
100645.000000,219000,100
100650.000000,167000,100
100657.000000,285000,100
100660.000000,455000,100
100661.000000,285000,100
100662.000000,270000,100
100664.000000,299500,100
100665.000000,430000,121
100666.000000,220000,111
100668.000000,190000,100
100670.000000,240000,110
100671.000000,360000,110
100672.000000,260000,100
100676.000000,135000,100
100677.000000,237500,110
100679.000000,474000,110
100681.000000,238000,101
100682.000000,200000,111
100683.000000,155500,100
100684.000000,215000,100
100688.000000,282000,130
100691.000000,288500,100
100693.000000,250000,110
100694.000000,130000,100
100695.000000,260000,100
100696.000000,330000,120
100697.000000,359850,100
100698.000000,275000,130
100700.000000,545000,100
100701.000000,325000,100
100702.000000,545000,100
100703.000000,325000,100
100704.000000,265000,100
100705.000000,250000,100
100706.000000,498500,100
100707.000000,145000,100
100715.000000,280000,110
100716.000000,315000,120
100718.000000,368000,101
100720.000000,475000,110
100721.000000,325000,100
100722.000000,242500,110
100724.000000,200000,120
100725.000000,207000,100
100727.000000,105000,101
100728.000000,105000,101
100729.000000,105000,101
100730.000000,105000,101
100731.000000,200000,100
100732.000000,275000,130
100733.000000,305000,130
100736.000000,179000,130
100737.000000,275000,130
100739.000000,305000,130
100741.000000,370000,110
100745.000000,290000,130
100746.000000,273000,120
100749.000000,252500,100
100752.000000,290000,100
100753.000000,250000,120
100754.000000,300000,130
100755.000000,378000,100
100756.000000,750000,110
100757.000000,150000,100
100758.000000,260000,100
100759.000000,390000,100
100760.000000,143000,101
100761.000000,215000,100
100763.000000,328000,100
100764.000000,295000,100
100765.000000,295000,100
100766.000000,540000,110
100767.000000,140000,101
100768.000000,285000,100
100769.000000,275000,100
100770.000000,319000,100
100781.000000,211000,130
100782.000000,410000,100
100784.000000,323600,100
100785.000000,175000,130
100789.000000,320000,110
100790.000000,275000,100
100792.000000,350000,100
100793.000000,380000,110
100794.000000,425000,100
100795.000000,625000,100
100796.000000,455000,100
100797.000000,260000,101
100798.000000,425000,110
100799.000000,2095000,101
100802.000000,170000,100
101272.000000,180000,130
101280.000000,170000,100
101282.000000,137000,100
101285.000000,264000,130
101295.000000,98000,100
101303.000000,153000,100
101306.000000,355000,100
101320.000000,245000,130
101324.000000,222500,101
101325.000000,215000,120
101330.000000,240000,120
101334.000000,310000,100
101338.000000,103000,101
101347.000000,235000,100
101353.000000,190000,100
101354.000000,155000,130
101360.000000,235000,100
101363.000000,284500,120
101365.000000,164000,101
101376.000000,150000,100
101377.000000,290000,110
101382.000000,145000,130
101383.000000,156000,100
101385.000000,260000,110
101386.000000,150000,100
101388.000000,260000,120
101389.000000,193000,101
101394.000000,176000,100
101399.000000,275000,100
101405.000000,499250,100
101407.000000,410000,101
101412.000000,570000,100
101414.000000,153000,100
101415.000000,173900,100
101419.000000,165000,111
101421.000000,110000,100
101423.000000,200000,100
101430.000000,255000,100
101432.000000,162000,101
101439.000000,348500,100
101448.000000,197307,100
101450.000000,180000,100
101452.000000,315000,100
101453.000000,325000,100
101456.000000,145000,130
101458.000000,475000,110
101468.000000,132000,100
101470.000000,149000,100
101472.000000,340000,100
101477.000000,192500,100
101491.000000,300000,100
101492.000000,230000,100
101494.000000,245000,130
101495.000000,150000,100
101497.000000,285000,100
101503.000000,285000,100
101505.000000,146000,130
101512.000000,195000,100
101519.000000,182500,130
101524.000000,121000,100
101531.000000,190000,100
101532.000000,190000,100
101537.000000,140000,110
101549.000000,192000,100
101551.000000,125000,100
101561.000000,245000,100
101570.000000,440000,110
101578.000000,209000,101
101580.000000,220000,130
101588.000000,550000,100
101592.000000,231000,130
101593.000000,250000,120
101598.000000,250000,130
101599.000000,195000,100
101600.000000,1000000,110
101602.000000,175000,110
101624.000000,190000,100
101626.000000,185000,130
101627.000000,270000,130
101635.000000,235000,120
101660.000000,455000,100
101664.000000,299500,100
101670.000000,240000,110
101672.000000,260000,100
101676.000000,135000,100
101682.000000,200000,111
101684.000000,215000,100
101694.000000,130000,100
101696.000000,330000,120
101698.000000,275000,130
101700.000000,545000,100
101701.000000,325000,100
101703.000000,325000,100
101704.000000,265000,100
101707.000000,145000,100
101716.000000,315000,120
101720.000000,475000,110
101722.000000,242500,110
101730.000000,105000,101
101731.000000,200000,100
101732.000000,275000,130
101737.000000,275000,130
101739.000000,305000,130
101746.000000,273000,120
101749.000000,252500,100
101753.000000,250000,120
101754.000000,300000,130
101756.000000,750000,110
101757.000000,150000,100
101760.000000,143000,101
101763.000000,328000,100
101764.000000,295000,100
101770.000000,319000,100
101784.000000,323600,100
101789.000000,320000,110
101793.000000,380000,110
101797.000000,260000,101
101798.000000,425000,110
101802.000000,170000,100
103352.000000,275000,100
103528.000000,185000,130
103367.000000,150000,100
102994.000000,325000,100
103482.000000,98000,100
102876.000000,230000,100
103209.000000,545000,100
102875.000000,378000,100
103571.000000,180000,100
103047.000000,1000000,110
103351.000000,260000,101
103254.000000,220000,100
103194.000000,425000,100
103572.000000,132000,100
102935.000000,235000,100
102886.000000,265000,100
103624.000000,290000,100
103611.000000,235000,100
103022.000000,190000,100
103441.000000,197307,100
103245.000000,165000,111
103165.000000,320000,110
103250.000000,242500,110
103589.000000,575000,120
103044.000000,350000,100
103275.000000,299500,100
103296.000000,215000,100
103371.000000,245000,100
103029.000000,305000,130
103007.000000,75000,100
103639.000000,185000,100
103413.000000,210000,100
103586.000000,420000,111
102889.000000,170000,100
103534.000000,650000,110
103489.000000,365000,110
103547.000000,475000,110
103313.000000,380000,110
103168.000000,290000,110
103456.000000,275000,100
103465.000000,315000,120
103533.000000,285000,100
103355.000000,145000,100
103641.000000,200000,120
103418.000000,110000,100
103018.000000,328000,100
103140.000000,570000,100
103527.000000,137000,100
102914.000000,215000,100
103156.000000,350000,120
103099.000000,245000,100
103322.000000,150000,100
102956.000000,240000,120
103483.000000,250000,120
103196.000000,235000,100
103460.000000,190000,100
102868.000000,287500,100
102982.000000,180000,130
103536.000000,250000,120
103385.000000,323600,100
103128.000000,222500,101
103136.000000,447000,100
102842.000000,235000,120
103594.000000,190000,100
102979.000000,195000,100
103145.000000,245000,130
103115.000000,180000,100
102993.000000,215000,120
103167.000000,195000,100
103057.000000,146000,130
102894.000000,150000,100
102907.000000,160000,120
103088.000000,150876,100
103207.000000,252500,100
102963.000000,345000,110
103562.000000,355000,100
103377.000000,500000,110
103419.000000,280000,110
103009.000000,440000,110
103462.000000,105000,101
103147.000000,330000,100
103409.000000,170000,100
103158.000000,288500,100
102883.000000,950000,110
103402.000000,161000,100
103573.000000,260000,100
103338.000000,295000,100
103532.000000,455000,100
103411.000000,625000,100
103381.000000,319000,100
103628.000000,281915,100
103426.000000,147000,100
103523.000000,190000,100
103543.000000,150000,110
103378.000000,475000,110
102880.000000,245000,130
103218.000000,410000,101
103259.000000,275000,100
102990.000000,320000,110
103345.000000,305000,130
102806.000000,185000,101
103474.000000,220000,111
103372.000000,140000,110
103412.000000,175000,130
103072.000000,499250,100
103178.000000,270000,130
103118.000000,310000,100
103587.000000,750000,110
103161.000000,150000,100
103637.000000,325000,100
102854.000000,750000,110
103308.000000,235000,130
103327.000000,309534,110
102828.000000,125000,101
102944.000000,153000,100
103590.000000,175000,110
103219.000000,349900,130
102839.000000,153000,100
103513.000000,220000,130
103447.000000,410000,100
103028.000000,325000,100
103051.000000,285000,100
103117.000000,200000,100
103316.000000,650000,101
103376.000000,149000,100
102953.000000,132000,100
103484.000000,600000,100
103332.000000,235000,100
102815.000000,300000,100
103363.000000,290000,130
103045.000000,290000,110
102923.000000,270000,100
103274.000000,260000,100
103380.000000,265000,100
102902.000000,146000,130
103125.000000,159900,100
102901.000000,173900,100
103436.000000,176000,100
103263.000000,197307,100
103429.000000,125000,100
103577.000000,258000,100
102957.000000,170000,120
103365.000000,325000,100
103231.000000,273500,120
103595.000000,192500,100
103504.000000,103000,101
102890.000000,149900,101
103060.000000,121000,100
102950.000000,209000,101
102821.000000,222500,101
103210.000000,250000,120
103428.000000,355000,100
103331.000000,164000,101
103031.000000,330000,120
103410.000000,355000,100
103298.000000,260000,100
103124.000000,499250,100
103600.000000,180000,130
103554.000000,170000,100
103493.000000,275000,100
103457.000000,284500,120
103328.000000,265000,100
102964.000000,240000,110
103625.000000,285000,100
102813.000000,1000000,110
103123.000000,254500,130
103193.000000,330000,100
103396.000000,200000,100
103511.000000,345000,110
103357.000000,193000,101
103648.000000,475000,110
103102.000000,211000,130
102832.000000,162000,101
102925.000000,540000,110
103052.000000,252500,100
102952.000000,215000,100
103176.000000,155000,130
103318.000000,340000,100
102887.000000,300000,130
103361.000000,250000,110
103539.000000,443000,100
103286.000000,155500,100
103137.000000,285000,100
103326.000000,235000,100
102879.000000,190000,100
103182.000000,235000,100
103423.000000,300000,110
103030.000000,165000,100
102905.000000,340000,100
103531.000000,182500,130
103635.000000,110000,110
103439.000000,310000,100
103224.000000,185000,111
103478.000000,264000,130
103453.000000,222000,100
103273.000000,131500,100
103269.000000,360000,110
103303.000000,400000,100
103334.000000,200000,111
103149.000000,145000,130
103285.000000,125000,100
103368.000000,290000,100
102941.000000,875000,100
102850.000000,219000,100
102851.000000,170000,100
102899.000000,250000,110
103420.000000,348500,100
103347.000000,95000,101
103191.000000,150000,100
103280.000000,550000,100
103575.000000,207000,100
103272.000000,455000,100
102885.000000,425000,110
103215.000000,565000,120
103576.000000,535000,100
103212.000000,330000,120
103601.000000,185000,130
102906.000000,215000,100
103103.000000,165000,111
103264.000000,185000,100
102951.000000,240000,110
102898.000000,250000,120
103444.000000,150000,100
103597.000000,395000,110
103002.000000,275000,130
103213.000000,199000,100
103612.000000,258000,100
103552.000000,190000,100
103005.000000,235000,120
103068.000000,1290000,110
102807.000000,210000,100
103471.000000,410000,101
102917.000000,145000,130
102862.000000,368000,101
103110.000000,260000,100
103211.000000,135000,100
103445.000000,200000,130
103300.000000,125000,100
102976.000000,242500,110
103006.000000,335000,100
103181.000000,156000,100
103138.000000,905000,110
103407.000000,130000,100
103080.000000,104000,130
103340.000000,167000,100
103015.000000,315000,120
103287.000000,182500,130
103399.000000,1060000,101
103443.000000,255000,100
103012.000000,260000,120
102877.000000,200000,130
103239.000000,231000,130
103583.000000,260000,110
103011.000000,265000,100
103403.000000,173900,100
103615.000000,175000,110
102846.000000,525000,100
102872.000000,190000,100
102823.000000,140000,110
103046.000000,185000,100
103171.000000,273000,120
102958.000000,125000,130
102997.000000,155000,130
103341.000000,105000,101
102834.000000,209000,101
102908.000000,280000,110
102933.000000,145000,110
103157.000000,240000,120
103459.000000,164000,101
103437.000000,153000,100
103160.000000,270000,100
103003.000000,105000,101
103122.000000,176000,100
103520.000000,215000,100
103475.000000,350000,100
103025.000000,550000,100
102827.000000,295000,100
103017.000000,150000,100
103508.000000,200000,100
103310.000000,170000,100
103524.000000,275000,130
102937.000000,157500,131
103319.000000,425000,110
103177.000000,145000,130
102840.000000,145000,130
103618.000000,98000,100
103630.000000,149000,100
103495.000000,319000,100
103262.000000,300000,130
103591.000000,210000,120
103114.000000,285000,100
103226.000000,325000,100
102948.000000,180000,100
102915.000000,220000,100
103146.000000,190500,100
103336.000000,349000,100
103228.000000,305000,130
102972.000000,355000,100
102822.000000,255000,100
103106.000000,350000,110
102867.000000,199000,100
103291.000000,348500,100
102819.000000,143000,101
103172.000000,275000,130
102809.000000,231000,130
103373.000000,323600,100
103492.000000,284500,120
103353.000000,273000,120
103069.000000,175000,130
103127.000000,390000,100
103169.000000,325000,100
103163.000000,455000,100
102965.000000,525000,100
103198.000000,156000,100
103087.000000,315000,100
103154.000000,150000,100
103432.000000,265000,100
103175.000000,260000,100
103557.000000,220000,130
103382.000000,250000,130
103627.000000,350000,100
103032.000000,190000,100
102847.000000,300000,100
103607.000000,270000,130
103306.000000,240000,120
103490.000000,165000,100
103159.000000,192500,100
103518.000000,245000,130
103251.000000,153000,100
103166.000000,137000,100
103487.000000,140000,101
103085.000000,190000,130
102817.000000,545000,100
102936.000000,570000,100
103354.000000,675000,130
103579.000000,192000,100
103304.000000,180000,101
103010.000000,170000,100
103346.000000,474000,110
103477.000000,260000,110
103062.000000,285000,100
102928.000000,117000,100
102946.000000,285000,100
103646.000000,537500,100
102970.000000,380000,110
103640.000000,144000,100
103522.000000,498500,100
103356.000000,238000,101
103311.000000,545000,100
103258.000000,143000,101
103197.000000,281915,100
102992.000000,105000,101
103335.000000,500000,130
102998.000000,440000,110
103502.000000,359850,100
102843.000000,192000,100
102860.000000,237500,110
103613.000000,400000,110
102825.000000,200000,130
103235.000000,245000,130
103647.000000,105000,101
103550.000000,582000,120
103505.000000,260000,130
103234.000000,130000,100
102980.000000,230000,100
103386.000000,315000,100
103530.000000,200000,100
103295.000000,295000,100
103090.000000,215000,120
103645.000000,275000,130
103107.000000,190000,100
102829.000000,264000,130
102897.000000,179000,130
103517.000000,2095000,101
103469.000000,299000,101
102924.000000,195000,100
103466.000000,250000,130
103558.000000,103000,101
103496.000000,370000,110
103468.000000,365000,110
103422.000000,200000,111
103375.000000,275000,100
102991.000000,275000,130
103421.000000,475000,110
103276.000000,135000,130
102955.000000,250000,100
103416.000000,385000,120
103634.000000,140000,100
103374.000000,121000,100
102989.000000,325000,100
103164.000000,260000,120
102945.000000,150000,100
102869.000000,275000,111
103394.000000,195000,100
103415.000000,299500,100
102962.000000,260000,101
103479.000000,328000,100
103121.000000,565000,100
102831.000000,135000,100
102878.000000,285000,100
103249.000000,430000,121
103442.000000,145000,100
103281.000000,229500,100
103452.000000,193000,101
103623.000000,650000,391
103476.000000,162000,101
103204.000000,300000,100
103021.000000,250000,120
103230.000000,282000,130
102968.000000,170000,120
103265.000000,145000,100
103112.000000,275000,130
102824.000000,106300,130
103434.000000,195000,100
103185.000000,325000,100
102919.000000,259000,100
103343.000000,360000,110
103603.000000,110000,100
103391.000000,180000,100
104394.000000,180000,100
104519.000000,335000,100
104271.000000,193000,101
103810.000000,328000,100
103914.000000,170000,100
104007.000000,650000,110
104357.000000,285000,100
104617.000000,105000,101
104171.000000,200000,100
104296.000000,210000,100
104466.000000,250000,130
104071.000000,149900,101
104388.000000,125000,100
104026.000000,98000,100
104579.000000,175000,130
103981.000000,270000,130
104445.000000,240000,120
104028.000000,150000,100
104172.000000,165000,111
104035.000000,240000,110
104019.000000,160000,120
104103.000000,440000,110
103835.000000,155500,100
104322.000000,137000,100
104137.000000,156000,100
104626.000000,185000,100
104068.000000,195000,100
104291.000000,106300,130
104089.000000,190000,130
103861.000000,319000,100
104238.000000,193000,101
104606.000000,355000,100
104602.000000,155000,130
104134.000000,170000,120
104224.000000,380000,110
104441.000000,750000,110
103807.000000,525000,100
104115.000000,625000,100
104601.000000,240000,120
104425.000000,235000,100
104153.000000,197307,100
104433.000000,275000,130
104364.000000,525000,100
104066.000000,350000,100
103832.000000,285000,100
104587.000000,285000,100
104190.000000,305000,130
104094.000000,349900,130
103919.000000,575000,120
104485.000000,190000,100
103893.000000,240000,120
104331.000000,443000,100
104454.000000,330000,120
104532.000000,265000,100
104449.000000,149000,100
104590.000000,290000,110
103904.000000,146000,130
103872.000000,390000,100
104354.000000,175000,130
104413.000000,270000,100
104003.000000,545000,100
104468.000000,325000,100
104096.000000,273000,120
104505.000000,300000,100
104270.000000,170000,100
104139.000000,299500,100
104396.000000,231000,130
103833.000000,275000,100
104367.000000,192000,100
103951.000000,300000,110
104568.000000,180000,130
103917.000000,295000,100
103945.000000,145000,130
104118.000000,275000,130
103918.000000,284500,120
104111.000000,378000,100
104508.000000,220000,100
104586.000000,176000,100
104379.000000,110000,100
104278.000000,355000,100
103809.000000,105000,101
104101.000000,182500,130
104327.000000,368000,101
103964.000000,290000,100
104215.000000,349000,100
104343.000000,500000,110
104544.000000,220000,111
104464.000000,400000,110
104300.000000,215000,100
104439.000000,250000,120
103873.000000,245000,100
104285.000000,146000,130
104409.000000,145000,100
104401.000000,290000,130
104029.000000,165000,111
104376.000000,319000,100
104298.000000,350000,110
104597.000000,305000,130
104436.000000,430000,121
104552.000000,238000,101
104604.000000,165000,100
104366.000000,190000,100
104292.000000,455000,100
103806.000000,260000,100
104341.000000,325000,100
104112.000000,164000,101
104189.000000,153000,100
104282.000000,280000,110
103949.000000,150876,100
104560.000000,540000,110
104183.000000,153000,100
104476.000000,235000,100
104479.000000,400000,100
103847.000000,211000,130
103969.000000,425000,100
104198.000000,162000,101
104319.000000,245000,130
104547.000000,1060000,101
104480.000000,410000,101
104623.000000,222000,100
103930.000000,200000,130
104170.000000,195000,100
104399.000000,499250,100
104253.000000,162000,101
103928.000000,237500,110
104280.000000,250000,130
104472.000000,150000,100
103881.000000,132000,100
104157.000000,235000,130
104237.000000,255000,100
104000.000000,150000,110
104550.000000,252500,100
104492.000000,275000,130
104361.000000,350000,120
104051.000000,220000,130
104307.000000,98000,100
104043.000000,498500,100
103921.000000,209000,101
103850.000000,260000,130
104199.000000,199000,100
103830.000000,150000,100
104132.000000,455000,100
104160.000000,275000,130
103999.000000,275000,100
103960.000000,287500,100
104250.000000,325000,100
104076.000000,1000000,110
104186.000000,150000,100
104025.000000,170000,100
104562.000000,315000,100
104024.000000,320000,110
104360.000000,215000,120
104021.000000,264000,130
104398.000000,170000,100
103836.000000,215000,100
104461.000000,145000,130
104194.000000,219000,100
104128.000000,300000,130
104225.000000,150000,100
103834.000000,130000,100
104572.000000,260000,100
104570.000000,185000,101
104318.000000,145000,100
104500.000000,275000,111
103967.000000,145000,130
104609.000000,135000,130
104169.000000,190000,100
104543.000000,570000,100
104553.000000,190000,100
103860.000000,185000,130
104055.000000,330000,100
103862.000000,200000,111
104625.000000,260000,101
103900.000000,235000,120
103956.000000,420000,111
103854.000000,104000,130
103908.000000,325000,100
104383.000000,340000,100
103940.000000,600000,100
104133.000000,260000,101
104267.000000,176000,100
104218.000000,220000,100
104516.000000,258000,100
103998.000000,425000,110
103829.000000,190000,100
104231.000000,145000,130
103869.000000,273500,120
104559.000000,245000,130
104408.000000,260000,110
104395.000000,475000,110
104063.000000,199000,100
104381.000000,260000,120
104403.000000,290000,100
104216.000000,425000,110
104092.000000,299500,100
104565.000000,323600,100
103863.000000,140000,110
104481.000000,570000,100
104085.000000,245000,130
104411.000000,144000,100
103851.000000,110000,110
103966.000000,173900,100
104457.000000,475000,110
104541.000000,155000,130
104281.000000,355000,100
103874.000000,153000,100
104274.000000,950000,110
103959.000000,325000,100
104531.000000,103000,101
103892.000000,255000,100
104245.000000,179000,130
104484.000000,550000,100
104038.000000,235000,100
103931.000000,230000,100
104106.000000,385000,120
103814.000000,180000,100
104286.000000,131500,100
104188.000000,565000,120
104521.000000,250000,100
104002.000000,103000,101
104212.000000,370000,110
104205.000000,499250,100
104574.000000,156000,100
104467.000000,295000,100
104447.000000,300000,100
104459.000000,190000,100
104057.000000,135000,100
104577.000000,185000,130
103885.000000,535000,100
104317.000000,185000,100
104080.000000,125000,101
103889.000000,565000,100
103903.000000,315000,100
104470.000000,905000,110
104308.000000,260000,100
104584.000000,330000,100
104490.000000,195000,100
103935.000000,150000,100
103856.000000,130000,100
104097.000000,190000,100
104014.000000,121000,100
104362.000000,117000,100
104328.000000,254500,130
104482.000000,545000,100
103984.000000,242500,110
103924.000000,582000,120
103844.000000,210000,120
103813.000000,325000,100
104098.000000,265000,100
104507.000000,137000,100
104119.000000,170000,100
103867.000000,270000,100
104389.000000,395000,110
103910.000000,185000,111
103846.000000,380000,110
104113.000000,182500,130
104200.000000,147000,100
104460.000000,260000,100
104020.000000,220000,130
104276.000000,330000,120
104530.000000,2095000,101
103961.000000,175000,110
104438.000000,359850,100
103974.000000,315000,120
104345.000000,750000,110
104221.000000,440000,110
103820.000000,140000,101
104600.000000,250000,120
104405.000000,215000,100
104406.000000,355000,100
104384.000000,125000,100
104288.000000,170000,120
103911.000000,345000,110
104161.000000,185000,100
104370.000000,260000,120
104529.000000,245000,100
104622.000000,143000,101
104123.000000,285000,100
104135.000000,180000,130
104145.000000,105000,101
104067.000000,250000,110
104227.000000,295000,100
104326.000000,173900,100
104453.000000,265000,100
104486.000000,309534,110
104219.000000,250000,120
104117.000000,140000,100
104203.000000,285000,100
103916.000000,207000,100
104039.000000,299000,101
104086.000000,235000,100
104230.000000,190500,100
103979.000000,410000,101
103975.000000,180000,100
103988.000000,235000,100
104392.000000,275000,100
104168.000000,310000,100
104535.000000,447000,100
104475.000000,275000,130
103827.000000,360000,110
103839.000000,281915,100
103845.000000,200000,100
104120.000000,145000,110
104607.000000,75000,100
104093.000000,95000,101
103864.000000,275000,100
104478.000000,252500,100
104603.000000,159900,100
103882.000000,125000,130
104520.000000,365000,110
104368.000000,258000,100
104619.000000,328000,100
104437.000000,350000,100
104082.000000,105000,101
103971.000000,545000,100
104566.000000,197307,100
104048.000000,323600,100
103837.000000,281915,100
104563.000000,350000,100
104105.000000,300000,100
103897.000000,192500,100
104569.000000,550000,100
103894.000000,285000,100
104567.000000,165000,100
104060.000000,153000,100
104596.000000,222500,101
104315.000000,175000,110
104121.000000,145000,100
104010.000000,180000,101
104612.000000,121000,100
104311.000000,200000,130
104127.000000,192500,100
104304.000000,170000,100
104491.000000,275000,130
104110.000000,475000,110
104184.000000,149000,100
104316.000000,245000,130
104534.000000,105000,101
104013.000000,195000,100
103942.000000,110000,100
104099.000000,1290000,110
104126.000000,229500,100
104302.000000,537500,100
104193.000000,325000,100
104246.000000,365000,110
104592.000000,150000,100
104347.000000,157500,131
104252.000000,675000,130
104576.000000,290000,110
104518.000000,410000,100
104528.000000,284500,120
104079.000000,164000,101
104228.000000,325000,100
104269.000000,200000,100
104320.000000,135000,100
104202.000000,1000000,110
103818.000000,320000,110
104628.000000,315000,120
104192.000000,275000,100
104336.000000,150000,100
104310.000000,209000,101
103825.000000,200000,100
104629.000000,140000,110
104289.000000,240000,110
103983.000000,455000,100
104069.000000,230000,100
104554.000000,264000,130
104084.000000,345000,110
103991.000000,150000,100
104605.000000,167000,100
104595.000000,250000,110
103816.000000,260000,100
104049.000000,475000,110
104542.000000,250000,120
104229.000000,190000,100
104633.000000,650000,101
104243.000000,280000,110
104502.000000,265000,100
104083.000000,285000,100
104305.000000,348500,100
104244.000000,340000,100
103946.000000,650000,391
103886.000000,200000,130
103817.000000,180000,100
103876.000000,242500,110
104458.000000,222500,101
104483.000000,310000,100
104451.000000,285000,100
104065.000000,231000,130
104412.000000,235000,120
103811.000000,200000,120
103932.000000,215000,100
104012.000000,161000,100
104209.000000,282000,130
104309.000000,132000,100
103848.000000,215000,120
104034.000000,192000,100
104204.000000,215000,100
104426.000000,250000,120
103899.000000,143000,101
104422.000000,260000,110
104495.000000,288500,100
103943.000000,305000,130
104176.000000,474000,110
104147.000000,190000,100
104178.000000,875000,100
104598.000000,235000,100
104017.000000,195000,100
103891.000000,259000,100
103865.000000,360000,110
104539.000000,500000,130
104251.000000,348500,100
104393.000000,270000,130
104571.000000,125000,100
104293.000000,273000,120
104346.000000,265000,100
104260.000000,210000,100
104140.000000,300000,130
103977.000000,200000,111
